{"value":{"A":11.5,"B":15.6666666667,"C":27.6666666667}}